-- phpMyAdmin SQL Dump
-- version 4.4.12
-- http://www.phpmyadmin.net
--
-- 主機: localhost
-- 產生時間： 2015 年 07 月 26 日 19:36
-- 伺服器版本: 5.6.25
-- PHP 版本： 5.5.27

SET SQL_MODE = "NO_AUTO_VALUE_ON_ZERO";
SET time_zone = "+00:00";


/*!40101 SET @OLD_CHARACTER_SET_CLIENT=@@CHARACTER_SET_CLIENT */;
/*!40101 SET @OLD_CHARACTER_SET_RESULTS=@@CHARACTER_SET_RESULTS */;
/*!40101 SET @OLD_COLLATION_CONNECTION=@@COLLATION_CONNECTION */;
/*!40101 SET NAMES utf8mb4 */;

--
-- 資料庫： `NaviShopper`
--
CREATE DATABASE IF NOT EXISTS `NaviShopper` DEFAULT CHARACTER SET utf8 COLLATE utf8_general_ci;
USE `NaviShopper`;

-- --------------------------------------------------------

--
-- 資料表結構 `favorite`
--

CREATE TABLE IF NOT EXISTS `favorite` (
  `Uid` int(11) NOT NULL,
  `User_id` varchar(16) NOT NULL,
  `Food_id` varchar(10) NOT NULL,
  `Add_time` datetime NOT NULL
) ENGINE=MyISAM AUTO_INCREMENT=17 DEFAULT CHARSET=utf8;

-- --------------------------------------------------------

--
-- 資料表結構 `food`
--

CREATE TABLE IF NOT EXISTS `food` (
  `Id` varchar(10) NOT NULL,
  `Name` varchar(16) NOT NULL,
  `Price` int(11) NOT NULL,
  `Rating` varchar(1) NOT NULL,
  `created_at` datetime NOT NULL DEFAULT '0000-00-00 00:00:00',
  `updated_at` datetime NOT NULL DEFAULT CURRENT_TIMESTAMP ON UPDATE CURRENT_TIMESTAMP
) ENGINE=MyISAM DEFAULT CHARSET=utf8;

--
-- 資料表的匯出資料 `food`
--

INSERT INTO `food` (`Id`, `Name`, `Price`, `Rating`, `created_at`, `updated_at`) VALUES
('00031004', '黑胡椒', 40, '3', '2013-10-30 00:35:30', '2013-10-30 00:35:30'),
('00031003', '蒜味', 40, '4', '2013-10-30 00:34:39', '2013-10-30 00:34:39'),
('00031002', '哇沙米', 40, '3', '2013-10-30 00:33:51', '2013-10-30 00:33:51'),
('00031001', '原味', 40, '4', '2013-10-30 00:33:38', '2013-10-30 00:33:38'),
('00021005', '原味', 40, '5', '2013-10-29 23:45:11', '2013-10-29 23:45:11'),
('00021004', '蒜味', 40, '5', '2013-10-29 23:45:03', '2013-10-29 23:45:03'),
('00021003', '辣味', 40, '4', '2013-10-29 23:44:52', '2013-10-29 23:44:52'),
('00021002', '黑胡椒', 40, '3', '2013-10-29 23:44:39', '2013-10-29 23:44:39'),
('00021001', '哇沙米', 40, '3', '2013-10-29 23:44:23', '2013-10-29 23:44:23'),
('00018002', '奶茶', 25, '4', '2013-10-29 23:38:18', '2013-10-29 23:38:18'),
('00018001', '珍珠奶茶', 30, '3', '2013-10-29 23:38:08', '2013-10-29 23:38:08'),
('00011006', '花生', 10, '4', '2013-10-29 23:37:36', '2013-10-29 23:37:36'),
('00011005', '巧克力', 10, '3', '2013-10-29 23:37:25', '2013-10-29 23:37:25'),
('00011004', '奶油', 10, '4', '2013-10-29 23:36:39', '2013-10-29 23:36:39'),
('00011003', '芋頭', 10, '3', '2013-10-29 23:36:23', '2013-10-29 23:36:23'),
('00011002', '紅豆', 10, '3', '2013-10-29 23:36:06', '2013-10-29 23:36:06'),
('00011001', '蘿蔔絲', 10, '3', '2013-10-29 23:35:44', '2013-10-29 23:35:44'),
('00031005', '辣味', 40, '3', '2013-10-30 00:36:17', '2013-10-30 00:36:17'),
('00048001', '黑糖鮮奶(大)', 60, '4', '2013-10-30 00:39:54', '2013-10-30 00:39:54'),
('00048002', '黑糖鮮奶(小)', 50, '3', '2013-10-30 00:40:15', '2013-10-30 00:40:15'),
('00048003', '黑糖鮮奶波霸(大)', 60, '4', '2013-10-30 00:40:52', '2013-10-30 00:40:52'),
('00048004', '黑糖鮮奶波霸(小)', 50, '3', '2013-10-30 00:41:06', '2013-10-30 00:41:06'),
('00048005', '黑糖鮮奶仙草(大)', 60, '4', '2013-10-30 00:41:38', '2013-10-30 00:41:38'),
('00048006', '黑糖鮮奶仙草(小)', 50, '3', '2013-10-30 00:41:57', '2013-10-30 00:41:57'),
('00048007', '黑糖鮮奶仙草波霸(大)', 60, '3', '2013-10-30 00:42:26', '2013-10-30 00:42:26'),
('00048008', '黑糖鮮奶仙草波霸(小)', 50, '3', '2013-10-30 00:42:40', '2013-10-30 00:42:40'),
('00048009', '黑糖拿鐵(大)', 45, '4', '2013-10-30 00:43:41', '2013-10-30 00:43:41'),
('00048010', '黑糖拿鐵(小)', 40, '3', '2013-10-30 00:44:07', '2013-10-30 00:44:07'),
('00056001', '培根熱狗捲', 20, '3', '2013-10-30 00:54:06', '2013-11-11 22:54:54'),
('00056002', '五香豬頭皮', 20, '5', '2013-10-30 00:54:21', '2013-10-30 00:54:21'),
('00056003', '密滷豬耳朵', 30, '5', '2013-10-30 00:54:49', '2013-10-30 00:54:49'),
('00056004', '燻烤雞胸', 20, '3', '2013-10-30 00:55:03', '2013-10-30 00:55:03'),
('00056005', '豆皮', 10, '3', '2013-10-30 00:55:26', '2013-11-12 01:54:53'),
('00056006', '高麗菜', 10, '3', '2013-10-30 00:55:39', '2013-10-30 00:55:39'),
('00056007', '米血糕', 10, '3', '2013-10-30 00:55:53', '2013-10-30 00:55:53'),
('00056008', '茶燻鐵蛋', 10, '4', '2013-10-30 00:56:53', '2013-10-30 00:56:53'),
('00068001', '酸梅檸檬', 40, '3', '2013-10-30 00:57:51', '2013-10-30 00:57:51'),
('00068002', '酸梅冰', 35, '3', '2013-10-30 00:58:24', '2013-10-30 00:58:24'),
('00068003', '蜂蜜檸檬愛玉', 40, '4', '2013-10-30 00:58:44', '2013-10-30 00:58:44'),
('00068004', '多多檸檬', 35, '3', '2013-10-30 00:58:57', '2013-10-30 00:58:57'),
('00068005', '鮮奶綠茶', 40, '3', '2013-10-30 00:59:09', '2013-10-30 00:59:09'),
('00068006', '蜂蜜綠茶', 40, '3', '2013-10-30 00:59:23', '2013-10-30 00:59:23'),
('00068007', '多多綠茶', 30, '4', '2013-10-30 00:59:47', '2013-10-30 00:59:47'),
('00068008', '抹香綠茶', 25, '3', '2013-10-30 01:00:23', '2013-10-30 01:00:23'),
('00068009', '冬瓜可樂', 40, '4', '2013-10-30 01:00:37', '2013-10-30 01:00:37'),
('00068010', '冬瓜鮮奶茶', 40, '3', '2013-10-30 01:00:49', '2013-10-30 01:00:49'),
('00068011', '冬瓜檸檬愛玉', 40, '3', '2013-10-30 01:01:06', '2013-10-30 01:01:06'),
('00068012', '冬瓜紅茶', 25, '3', '2013-10-30 01:01:23', '2013-10-30 01:01:23'),
('00068013', '黑旋風鮮奶茶', 45, '4', '2013-10-30 01:01:38', '2013-10-30 01:01:38'),
('00068014', '珍珠鮮奶茶', 45, '4', '2013-10-30 01:09:35', '2013-10-30 01:09:35'),
('00068015', '凍檸檬茶', 35, '3', '2013-10-30 01:10:03', '2013-10-30 01:10:03'),
('00068016', '豆漿紅茶', 30, '3', '2013-10-30 01:10:33', '2013-10-30 01:10:33'),
('00077001', '煎餃(7粒)', 30, '3', '2013-10-30 01:13:20', '2013-10-30 01:13:20'),
('00077002', '煎餃(9粒)', 40, '3', '2013-10-30 01:13:37', '2013-10-30 01:13:37'),
('00077003', '煎餃(13粒)', 50, '4', '2013-10-30 01:13:47', '2013-10-30 01:13:47'),
('00088001', '紅茶冰', 20, '3', '2013-10-30 01:16:25', '2013-10-30 01:16:25'),
('00088002', '抹香綠茶', 20, '3', '2013-10-30 01:16:37', '2013-10-30 01:16:37'),
('00084001', '鳳梨冰', 35, '4', '2013-10-30 01:16:48', '2013-10-30 01:16:48'),
('00088003', '檸檬紅(綠)茶', 30, '3', '2013-10-30 01:17:39', '2013-10-30 01:17:39'),
('00088004', '金桔檸檬', 35, '4', '2013-10-30 01:18:32', '2013-10-30 01:18:32'),
('00088005', '梅果綠', 35, '3', '2013-10-30 01:18:56', '2013-10-30 01:18:56'),
('00094001', '原味雞腿捲', 30, '4', '2013-10-30 01:22:32', '2013-10-30 01:22:32'),
('00094002', '海苔雞腿捲', 30, '3', '2013-10-30 01:22:55', '2013-10-30 01:22:55'),
('00094003', '咖哩雞腿捲', 30, '3', '2013-10-30 01:23:07', '2013-10-30 01:23:07'),
('00094004', '檸檬雞腿捲', 30, '3', '2013-10-30 01:23:16', '2013-10-30 01:23:16'),
('00094005', '胡椒雞腿捲', 30, '4', '2013-10-30 01:23:28', '2013-10-30 01:23:28'),
('00094006', '辣味雞腿捲', 30, '4', '2013-10-30 01:23:38', '2013-10-30 01:23:38'),
('00094007', '泰式酸辣雞腿捲', 30, '3', '2013-10-30 01:24:00', '2013-10-30 01:24:00'),
('00102001', '杏鮑菇', 50, '4', '2013-10-30 01:32:13', '2013-10-30 01:32:13'),
('00102002', '鮮香菇', 50, '3', '2013-10-30 01:32:29', '2013-10-30 01:32:29'),
('00102003', '金針菇', 50, '3', '2013-10-30 01:32:39', '2013-10-30 01:32:39'),
('00104001', '秀珍菇', 50, '3', '2013-10-30 01:33:10', '2013-10-30 01:33:10'),
('00112001', '地域麻辣臭豆腐', 45, '5', '2013-10-30 01:39:29', '2013-10-30 01:39:29'),
('00112002', '原味脆皮臭豆腐', 45, '5', '2013-10-30 01:40:02', '2013-10-30 01:40:02'),
('00112003', '招牌素食', 45, '3', '2013-10-30 01:40:36', '2013-10-30 01:40:36'),
('00121001', '米血糕', 10, '3', '2013-10-30 01:43:09', '2013-10-30 01:43:09'),
('00122001', '熱狗', 10, '3', '2013-10-30 01:43:37', '2013-10-30 01:43:37'),
('00134001', '霜降牛排', 100, '4', '2013-10-30 01:45:51', '2013-10-30 01:45:51'),
('00147001', '韓醬鐵板串燒', 40, '4', '2013-10-30 01:51:14', '2013-10-30 01:51:14'),
('00154001', '普羅旺斯香草雞腿捲', 35, '3', '2013-10-30 01:59:48', '2013-10-30 01:59:48'),
('00154002', '泰式香茅', 35, '4', '2013-10-30 02:00:56', '2013-10-30 02:00:56'),
('00154003', '椒鹽雞腿捲', 35, '5', '2013-10-30 02:01:22', '2013-10-30 02:01:22'),
('00154004', '原味雞腿捲', 35, '4', '2013-10-30 02:01:38', '2013-10-30 02:01:38'),
('00164001', '原味沙威瑪', 45, '4', '2013-10-30 02:03:00', '2013-10-30 02:03:00'),
('00163001', '蜂蜜芥末沙威瑪', 45, '3', '2013-10-30 02:03:22', '2013-10-30 02:03:22'),
('00164002', '印度咖哩沙威瑪', 45, '3', '2013-10-30 02:03:57', '2013-10-30 02:03:57'),
('00183001', '辣炒年糕', 65, '5', '2013-10-30 02:09:09', '2013-10-30 02:09:09'),
('00234001', '原味烤玉米', 65, '4', '2013-10-30 14:00:46', '2013-10-30 14:00:46'),
('00234002', '黑胡椒烤玉米', 65, '4', '2013-10-30 14:01:07', '2013-10-30 14:01:07'),
('00234003', '麻辣烤玉米', 65, '4', '2013-10-30 14:01:21', '2013-10-30 14:01:21'),
('00234004', '哇沙米烤玉米', 65, '3', '2013-10-30 14:01:36', '2013-10-30 14:01:36'),
('00234005', '咖哩烤玉米', 65, '3', '2013-10-30 14:01:54', '2013-10-30 14:01:54');

-- --------------------------------------------------------

--
-- 資料表結構 `food_type`
--

CREATE TABLE IF NOT EXISTS `food_type` (
  `Id` varchar(1) NOT NULL,
  `Name` varchar(2) NOT NULL
) ENGINE=MyISAM DEFAULT CHARSET=utf8;

--
-- 資料表的匯出資料 `food_type`
--

INSERT INTO `food_type` (`Id`, `Name`) VALUES
('1', '其他'),
('2', '炸'),
('3', '炒'),
('4', '烤'),
('5', '滷'),
('6', '燻'),
('7', '煎'),
('8', '飲料'),
('9', '冰品');

-- --------------------------------------------------------

--
-- 資料表結構 `member`
--

CREATE TABLE IF NOT EXISTS `member` (
  `Account` varchar(16) NOT NULL,
  `Psw` varchar(32) NOT NULL,
  `Gender` varchar(1) NOT NULL,
  `Birthday` date NOT NULL,
  `IsAdmin` varchar(1) NOT NULL,
  `Store_id` varchar(4) NOT NULL,
  `created_at` datetime DEFAULT NULL,
  `updated_at` datetime DEFAULT CURRENT_TIMESTAMP ON UPDATE CURRENT_TIMESTAMP,
  `OnlineTag` varchar(1) NOT NULL DEFAULT '0'
) ENGINE=MyISAM DEFAULT CHARSET=utf8;

--
-- 資料表的匯出資料 `member`
--

INSERT INTO `member` (`Account`, `Psw`, `Gender`, `Birthday`, `IsAdmin`, `Store_id`, `created_at`, `updated_at`, `OnlineTag`) VALUES
('test001', '001test', '男', '1949-05-15', '是', '0001', '2013-11-29 09:02:11', '2013-11-29 09:02:11', '0'),
('test002', '002test', '女', '1981-06-19', '是', '0002', '2013-11-29 09:03:26', '2013-11-29 09:03:26', '0'),
('test003', '003test', '女', '1984-06-12', '是', '0003', '2013-11-29 09:04:27', '2013-11-29 09:04:27', '0'),
('test004', '004test', '女', '1953-01-29', '是', '0004', '2013-11-29 09:05:58', '2013-11-29 09:05:58', '0'),
('test005', '005test', '女', '1958-04-18', '是', '0005', '2013-11-29 09:14:13', '2013-11-29 09:14:13', '0'),
('test006', '006test', '女', '1983-06-18', '是', '0006', '2013-11-29 09:15:08', '2013-11-29 09:15:08', '0'),
('test007', '007test', '男', '1983-04-19', '是', '0007', '2013-11-29 09:15:52', '2013-11-29 09:15:52', '0'),
('test008', '008test', '男', '1954-09-01', '是', '0008', '2013-11-29 09:16:32', '2013-11-29 09:16:32', '0'),
('test009', '009test', '女', '1983-03-18', '是', '0009', '2013-11-29 09:17:23', '2013-11-29 09:17:23', '0'),
('test010', '010test', '女', '1981-05-01', '是', '0010', '2013-11-29 09:18:08', '2013-11-29 09:18:08', '0'),
('test011', '011test', '男', '1958-07-16', '是', '0011', '2013-11-29 09:18:46', '2013-11-29 09:18:46', '0'),
('test012', '012test', '女', '1961-05-18', '是', '0012', '2013-11-29 09:19:42', '2013-11-29 09:19:42', '0'),
('test013', '013test', '男', '1948-05-09', '是', '0013', '2013-11-29 09:20:22', '2013-11-29 09:20:22', '0'),
('test014', '014test', '女', '1962-06-16', '是', '0014', '2013-11-29 09:21:08', '2013-11-29 09:21:08', '0'),
('test015', '015test', '男', '1955-07-21', '是', '0015', '2013-11-29 09:21:55', '2013-11-29 09:21:55', '0'),
('test016', '016test', '女', '1928-05-13', '是', '0016', '2013-11-29 09:22:39', '2013-11-29 09:22:39', '0'),
('test018', '018test', '男', '1948-08-28', '是', '0018', '2013-11-29 09:23:23', '2013-11-29 09:23:23', '0'),
('test023', '023test', '男', '1954-11-29', '是', '0023', '2013-11-29 09:24:03', '2013-11-29 09:24:03', '0'),
('danny', '123456', '男', '1992-07-07', '否', '', '2015-07-13 12:19:36', '2015-07-27 01:27:19', '1');

-- --------------------------------------------------------

--
-- 資料表結構 `popularity`
--

CREATE TABLE IF NOT EXISTS `popularity` (
  `Store_id` text NOT NULL,
  `Week` int(9) NOT NULL,
  `Quarter` int(9) NOT NULL,
  `Week_time_stamp` datetime(6) NOT NULL,
  `Quarter_time_stamp` datetime(6) NOT NULL
) ENGINE=MyISAM DEFAULT CHARSET=utf8;

-- --------------------------------------------------------

--
-- 資料表結構 `popularity_total`
--

CREATE TABLE IF NOT EXISTS `popularity_total` (
  `Uid` int(9) NOT NULL,
  `Store_id` text NOT NULL,
  `Week` int(11) NOT NULL,
  `Quarter` int(11) NOT NULL,
  `Create_at` datetime NOT NULL DEFAULT CURRENT_TIMESTAMP ON UPDATE CURRENT_TIMESTAMP
) ENGINE=InnoDB DEFAULT CHARSET=utf8;

-- --------------------------------------------------------

--
-- 資料表結構 `store`
--

CREATE TABLE IF NOT EXISTS `store` (
  `Id` varchar(4) NOT NULL DEFAULT '0000',
  `Name` varchar(16) NOT NULL,
  `Tel` varchar(10) NOT NULL,
  `Address` text NOT NULL,
  `Longitude` double NOT NULL,
  `Latitude` double NOT NULL,
  `Info` text NOT NULL,
  `created_at` datetime DEFAULT NULL,
  `updated_at` datetime DEFAULT NULL
) ENGINE=MyISAM DEFAULT CHARSET=utf8;

--
-- 資料表的匯出資料 `store`
--

INSERT INTO `store` (`Id`, `Name`, `Tel`, `Address`, `Longitude`, `Latitude`, `Info`, `created_at`, `updated_at`) VALUES
('0002', '官芝霖(二店)大腸包小腸', '0926621125', '台中市西屯區逢甲路16號旁', 120.64581, 24.17891, '您好，歡迎光臨大腸包小腸', '2013-11-29 09:03:26', '2013-11-29 09:03:26'),
('0001', '爆漿紅豆餅', '0923671998', '台中市西屯區逢甲路16號', 120.645916, 24.178905, '歡迎光臨，這裡是爆漿紅豆餅', '2013-11-29 09:02:11', '2013-11-29 09:02:11'),
('0003', '百膳工房大腸包小腸', '0921862445', '台中市西屯區逢甲路20巷右一', 120.645793, 24.17893, '歡迎大腸包小腸創始店，這裡是逢甲路20巷右邊第一間：)', '2013-11-29 09:04:27', '2013-11-29 09:04:27'),
('0004', '奶霸', '0919169698', '台中市西屯區逢甲路20巷右一', 120.645793, 24.179, '3大堅持！堅持全程使用林鳳營鮮奶、堅持不加奶精，煉奶、堅持不加糖精', '2013-11-29 09:05:58', '2013-11-29 09:05:58'),
('0005', '北京茶燻', '0980459219', '台中市西屯區逢甲路20巷2號', 120.6457357, 24.179167, '北京茶燻~每串10元唷！\r\n歡迎大家來嘗試看看！', '2013-11-29 09:14:13', '2013-11-29 09:14:13'),
('0006', '古早味紅茶', '', '台中市西屯區逢甲路20巷2號旁', 120.645793, 24.1792, '想喝古早味~來古早味紅茶', '2013-11-29 09:15:08', '2013-11-29 09:15:08'),
('0007', '一口煎餃', '0920137617', '台中市西屯區逢甲路20巷2號旁2', 120.645793, 24.17924, '一口煎餃，歡迎您的光臨！', '2013-11-29 09:15:52', '2013-11-29 09:15:52'),
('0008', '生活茶飲', '', '台中市西屯區逢甲路20巷2號4號', 120.645793, 24.179275, '您口渴了嗎？快來生活茶飲。', '2013-11-29 09:16:32', '2013-11-29 09:16:32'),
('0009', '金磚雞腿捲', '', '台中市西屯區逢甲路20巷4號旁', 120.645793, 24.17928, '爆漿雞腿捲一支30!', '2013-11-29 09:17:23', '2013-11-29 09:17:23'),
('0010', '杏運杯', '0986995607', '台中市西屯區逢甲路20巷第七攤位', 120.645793, 24.17929, '來吃杏運杯~幸運一整天', '2013-11-29 09:18:08', '2013-11-29 09:18:08'),
('0011', '金牌巨無霸香酥臭豆腐', '0922986816', '台中市西屯區逢甲路20巷6號', 120.645793, 24.179305, '榮獲TVBS時尚玩家報導', '2013-11-29 09:18:46', '2013-11-29 09:18:46'),
('0012', '逢甲李', '', '台中市西屯區逢甲路20巷第九攤位', 120.645793, 24.17931, '', '2013-11-29 09:19:42', '2013-11-29 09:19:42'),
('0013', '炙燒霜降牛', '', '台中市西屯區逢甲路20巷第十攤位', 120.645793, 24.17932, '來到便當街~炙燒牛排不容錯過!', '2013-11-29 09:20:22', '2013-11-29 09:20:22'),
('0014', '阿雞師', '', '台中市西屯區逢甲路20巷8號', 120.645793, 24.179339, '特殊醬料，挑戰您的味蕾', '2013-11-29 09:21:08', '2013-11-29 09:21:08'),
('0015', '黃金雞腿捲', '', '台中市西屯區逢甲路20巷8號旁', 120.645793, 24.17937, '', '2013-11-29 09:21:55', '2013-11-29 09:21:55'),
('0016', '中東沙威瑪', '', '台中市西屯區逢甲路20巷8號旁2', 120.645793, 24.17939, '', '2013-11-29 09:22:39', '2013-11-29 09:22:39'),
('0018', '韓廚', '0935090558', '台中市西屯區逢甲路20巷10號', 120.645793, 24.1794389, '辣炒年糕~就是要來韓廚', '2013-11-29 09:23:23', '2013-11-29 09:23:23'),
('0023', '炳叔烤玉米', '0422523843', '台中市西屯區逢甲路20巷12號', 120.645793, 24.1794639, '', '2013-11-29 09:24:03', '2013-11-29 09:24:03');

-- --------------------------------------------------------

--
-- 資料表結構 `store_token`
--

CREATE TABLE IF NOT EXISTS `store_token` (
  `Store_id` varchar(5) NOT NULL,
  `Token` varchar(20) NOT NULL,
  `Update_time` datetime NOT NULL DEFAULT CURRENT_TIMESTAMP ON UPDATE CURRENT_TIMESTAMP
) ENGINE=MyISAM DEFAULT CHARSET=utf8;

--
-- 資料表的匯出資料 `store_token`
--

INSERT INTO `store_token` (`Store_id`, `Token`, `Update_time`) VALUES
('0001', 'token0001', '2015-07-26 02:34:28'),
('0002', 'token0002', '2015-07-26 02:34:28'),
('0003', 'token0003', '2015-07-26 02:34:28'),
('0004', 'token0004', '2015-07-26 02:34:28'),
('0005', 'token0005', '2015-07-26 02:35:42'),
('0006', 'token0006', '2015-07-26 02:35:42'),
('0007', 'token0007', '2015-07-26 02:35:42'),
('0008', 'token0008', '2015-07-26 02:35:42'),
('0009', 'token0009', '2015-07-26 02:35:42'),
('0010', 'token0010', '2015-07-26 02:35:42'),
('0011', 'token0011', '2015-07-26 02:37:51'),
('0012', 'token0012', '2015-07-26 02:39:16'),
('0013', 'token0013', '2015-07-26 02:39:17'),
('0014', 'token0014', '2015-07-26 02:39:18'),
('0015', 'token0015', '2015-07-26 02:39:19'),
('0016', 'token0016', '2015-07-26 02:39:20'),
('0018', 'token0018', '2015-07-26 02:39:21'),
('0023', 'token0023', '2015-07-26 02:39:22');

-- --------------------------------------------------------

--
-- 資料表結構 `ticket`
--

CREATE TABLE IF NOT EXISTS `ticket` (
  `Store_id` varchar(4) NOT NULL,
  `Lastest_number` int(11) DEFAULT NULL,
  `Target_number` int(11) DEFAULT NULL,
  `Update_time` datetime DEFAULT NULL
) ENGINE=MyISAM DEFAULT CHARSET=utf8;

--
-- 已匯出資料表的索引
--

--
-- 資料表索引 `favorite`
--
ALTER TABLE `favorite`
  ADD PRIMARY KEY (`Uid`);

--
-- 資料表索引 `food`
--
ALTER TABLE `food`
  ADD PRIMARY KEY (`Id`);

--
-- 資料表索引 `food_type`
--
ALTER TABLE `food_type`
  ADD PRIMARY KEY (`Id`);

--
-- 資料表索引 `member`
--
ALTER TABLE `member`
  ADD PRIMARY KEY (`Account`);

--
-- 資料表索引 `popularity`
--
ALTER TABLE `popularity`
  ADD PRIMARY KEY (`Store_id`(4));

--
-- 資料表索引 `popularity_total`
--
ALTER TABLE `popularity_total`
  ADD PRIMARY KEY (`Uid`);

--
-- 資料表索引 `store`
--
ALTER TABLE `store`
  ADD PRIMARY KEY (`Id`);

--
-- 資料表索引 `store_token`
--
ALTER TABLE `store_token`
  ADD PRIMARY KEY (`Store_id`);

--
-- 資料表索引 `ticket`
--
ALTER TABLE `ticket`
  ADD PRIMARY KEY (`Store_id`);

--
-- 在匯出的資料表使用 AUTO_INCREMENT
--

--
-- 使用資料表 AUTO_INCREMENT `favorite`
--
ALTER TABLE `favorite`
  MODIFY `Uid` int(11) NOT NULL AUTO_INCREMENT,AUTO_INCREMENT=17;
--
-- 使用資料表 AUTO_INCREMENT `popularity_total`
--
ALTER TABLE `popularity_total`
  MODIFY `Uid` int(9) NOT NULL AUTO_INCREMENT;
--
-- 使用資料表 AUTO_INCREMENT `ticket`
--
ALTER TABLE `ticket`
AUTO_INCREMENT=11;
/*!40101 SET CHARACTER_SET_CLIENT=@OLD_CHARACTER_SET_CLIENT */;
/*!40101 SET CHARACTER_SET_RESULTS=@OLD_CHARACTER_SET_RESULTS */;
/*!40101 SET COLLATION_CONNECTION=@OLD_COLLATION_CONNECTION */;
